,Cust Info,Credit Info,Score
0,ALAN LANEE LANEE A MENTZER nan nan nan nan nan nan nan nan,ALAN LANE nan MENTZER nan nan nan nan nan nan nan nan,0.965034982271007
1,"HAPPY T M TRAVELLER, HAPPY nan nan nan nan nan nan nan Friday, Febraury 5, 1965",HAPPY nan TRAVELLER nan nan nan nan nan nan nan 1965-02-05 00:00:00,0.899842541331695
2,"DILSON, ROCKLIN Dlison ROCKLIN, D nan nan nan nan nan nan nan 1983-03-15 00:00:00",DILSON nan ROCKLIN nan nan nan nan nan nan nan 1983-03-15 00:00:00,0.9821405584438384
3,"HAPP ,  TRAVELLE R nan nan nan nan nan nan nan 2023-01-01 00:00:00",HAPPY nan TRAVELLER nan nan nan nan nan nan nan 1981-01-01 00:00:00,0.9568578384885204
4,H appy TRAVELLER nan nan nan nan nan nan nan 1981-01-01 00:00:00,HAPPY nan TRAVELLER nan nan nan nan nan nan nan 1981-01-01 00:00:00,0.9845928482997818
5,HAPPY Happy T nan JR> nan nan nan nan nan 2023-01-01 00:00:00,HAPPY nan TRAVELLER nan Jr nan nan nan nan nan 1980-01-01 00:00:00,0.9626638889484738
6,ARON W WARNERR nan nan nan nan nan nan nan 1987-11-24 00:00:00,AARON nan WARNER nan nan nan nan nan nan nan 11/24/1987,0.8948643185468038
7,AMI Baldwin BALD WIN nan nan nan nan nan nan nan 1990-03-23 00:00:00,AMY nan BALDWIN nan nan nan nan nan nan nan 1990-03-23 00:00:00,0.9690476017399092
8,JONATHAN S SMITHE nan nan nan nan nan nan nan 1972-07-01 00:00:00,JOHNATHAN nan SMITH nan nan nan nan nan nan nan 1972-07-07 00:00:00,0.9578414886923188
9,BERT nan MILL_ER nan nan nan nan nan nan nan 1999-11-01 00:00:00,GILBERT nan MILLER nan nan nan nan nan nan nan 1999-11-02 00:00:00,0.9615384615384615
10,JEN nan GONZALE nan nan nan nan nan nan nan 2000-09-01 00:00:00,JENNIFER nan GONZALEZ nan nan nan nan nan nan nan 2000-09-01 00:00:00,0.9743589743589742
11,PHILIPP nan VALDE nan nan nan nan nan nan nan 1964-08-14 00:00:00,PHILIP nan VALDEZ nan nan nan nan nan nan nan 1964-08-14 00:00:00,0.9743589743589742
12,DANN nan ARMTRONG nan nan nan nan nan nan nan 1964-07-02 00:00:00,DANNY nan ARMSTRONG nan nan nan nan nan nan nan 1964-07-02 00:00:00,0.9743589743589742
13,"VAL nan KAUFFMAN nan nan nan nan nan nan nan Tuesday, Sept 18, 1973",VALERIE nan KAUFMAN nan nan nan nan nan nan nan 1973-09-18 00:00:00,0.8931977372352651
14,WILL nan DARTE nan nan nan nan nan nan nan 1996-08-02 00:00:00,WILLIAM nan DUARTE nan nan nan nan nan nan nan 1996-08-02 00:00:00,0.9743589743589742
15,JOE nan MORRO nan nan nan nan nan nan nan 2023-07-28 00:00:00,JOSEPH nan MORROW nan nan nan nan nan nan nan 1994-07-28 00:00:00,0.9615384615384615
16,ROBERT nan HODG nan nan nan nan nan nan nan 1972-08-15 00:00:00,ROBERT nan HODGE nan nan nan nan nan nan nan 1972-08-15 00:00:00,0.987179487179487
17,LYNN nan GODMAN nan nan nan nan nan nan nan 1971-02-15 00:00:00,LYN nan GOODMAN nan nan nan nan nan nan nan 1971-02-15 00:00:00,0.9743589743589742
18,ROBBIE nan WILLIAM nan nan nan nan nan nan nan 2023-10-29 00:00:00,ROBERT nan WILLIAMS nan nan nan nan nan nan nan 1982-10-29 00:00:00,0.9615384615384615
19,BILL nan RICHARDS nan nan nan nan nan nan nan 1973-08-24 00:00:00,WILLIAM nan RICHARDSON nan nan nan nan nan nan nan 1973-08-24 00:00:00,0.9743589743589742
20,TOD nan TAYL OR nan nan nan nan nan nan nan 1960-11-14 00:00:00,TODD nan TAYLOR nan nan nan nan nan nan nan 1960-11-14 00:00:00,0.9681725056254902
21,PAL nan ADAM nan nan nan nan nan nan nan 1981-03-01 00:00:00,PAUL nan ADAMS nan nan nan nan nan nan nan 1981-03-10 00:00:00,0.9615384615384615
22,PARRISSH nan ASH nan nan nan nan nan nan nan 2023-01-01 00:00:00,PARRISH nan ASHLEY nan nan nan nan nan nan nan 2001-01-11 00:00:00,0.9494431566409374
23,JAZON nan LOPEZZ nan nan nan nan nan nan nan 1995-04-25 00:00:00,JASON nan LOPEZ nan nan nan nan nan nan nan 1995-04-25 00:00:00,0.9743589743589742
24,SYNTHIA nan FLORES nan nan nan nan nan nan nan 1993-09-21 00:00:00,CYNTHIA nan FLORES nan nan nan nan nan nan nan 1993-09-21 00:00:00,0.987179487179487
25,TAMI nan DALTON nan nan nan nan nan nan nan 1970-09-25 00:00:00,TAMMY nan DALTON nan nan nan nan nan nan nan 1970-09-25 00:00:00,0.987179487179487
26,"EVE nan JENNINGS nan nan nan nan nan nan nan Thursday, March 9, 1972",EVELYN nan JENNINGS nan nan nan nan nan nan nan 1972-03-09 00:00:00,0.8996469021204836
27,STEVEN nan GORDO nan nan nan nan nan nan nan 1967-09-01 00:00:00,STEVE nan GORDON nan nan nan nan nan nan nan 1967-09-01 00:00:00,0.9743589743589742
28,EMMILY nan JUARE nan nan nan nan nan nan nan 2023-07-02 00:00:00,EMILY  nan JUAREZ nan nan nan nan nan nan nan 1977-07-02 00:00:00,0.9615384615384615
29,HAPPIE nan TRAVELERR nan nan nan nan nan nan nan 1981-01-01 00:00:00,HAPPY nan TRAVELER nan nan nan nan nan nan nan 1981-01-01 00:00:00,0.975
30,HAPP nan T nan nan nan nan nan nan nan 1965-02-05 00:00:00,HAPPY nan TRAVELER nan nan nan nan nan nan nan 1965-02-05 00:00:00,0.9806655707757672
31,TRACY JAMES S nan nan nan nan nan nan nan 2023-05-17 00:00:00,TRACEY JAMES SMITH nan nan nan nan nan nan nan 1976-05-17 00:00:00,0.9606597022317858
32,H nan HAPPYTRAVELER nan nan nan nan nan nan nan 1981-01-01 00:00:00,HAPPY nan TRAVELER nan nan nan nan nan nan nan 1981-01-01 00:00:00,0.9811514805819239
33,HAPP nan HTRAVELER nan nan nan nan nan nan nan 1981-01-01 00:00:00,HAPPY nan TRAVELER nan nan nan nan nan nan nan 1981-01-01 00:00:00,0.975
34,FRANKIE nan OSS nan nan nan nan nan nan nan 1990-01-01 00:00:00,FRANK nan MOSS nan nan nan nan nan nan nan 1990-01-01 00:00:00,0.975
35,TEST nan SPECIMN nan nan nan nan nan nan nan 2023-10-02 00:00:00,TEST V nan SPECIMEN nan nan nan nan nan nan nan 2002-10-20 00:00:00,0.9615384615384613
36,JOSELYN nan SMITH nan nan nan nan nan nan nan 1980-02-21 00:00:00,JOCELYN nan SMITH nan nan nan nan nan nan nan 1980-02-21 00:00:00,0.987179487179487
37,COSETTEY nan B nan nan nan nan nan nan nan 1942-11-18 00:00:00,COSETTE nan BERNARD nan nan nan nan nan nan nan 1942-11-18 00:00:00,0.9806655707757672
38,ECHIKA nan STEPHENS nan nan nan nan nan nan nan 1988-08-18 00:00:00,ICHIKA nan STEVENS nan nan nan nan nan nan nan 1988-08-18 00:00:00,0.9743589743589742
39,"YANA nan BONDAREKO nan nan nan nan nan nan nan Monday, March 11, 1991",YARA nan BONDARENKO nan nan nan nan nan nan nan 1991-03-11 00:00:00,0.8931977372352651
40,MEENA nan MELTIS nan nan nan nan nan nan nan 1990-10-14 00:00:00,MINA nan MELETIS nan nan nan nan nan nan nan 1990-10-14 00:00:00,0.9743589743589742
41,TEST W nan SPECIMAN nan nan nan nan nan nan nan 2023-08-17 00:00:00,TEST V nan SPECIMEN nan nan nan nan nan nan nan 1958-08-17 00:00:00,0.9743589743589742
42,DIMITRU nan MELETIIS nan nan nan nan nan nan nan 1990-10-14 00:00:00,DUMITRU nan MELETIS nan nan nan nan nan nan nan 1990-10-14 00:00:00,0.9743589743589742
43,TEST A nan SPCIMEN nan nan nan nan nan nan nan 1958-08-17 00:00:00,TEST V nan SPECIMEN nan nan nan nan nan nan nan 1958-08-17 00:00:00,0.987179487179487
44,TST V nan SPEIMEN nan nan nan nan nan nan nan 2023-01-01 00:00:00,TEST V nan SPECIMEN nan nan nan nan nan nan nan 1920-01-01 00:00:00,0.9624999999999999
45,T V nan SPEC IMEN nan nan nan nan nan nan nan 2020-01-01 00:00:00,TEST V nan SPECIMEN nan nan nan nan nan nan nan 1920-01-01 00:00:00,0.9624999999999999
46,TST W nan SPEC_MEN nan nan nan nan nan nan nan 1980-01-01 00:00:00,TEST W nan SPECIMEN nan nan nan nan nan nan nan 1980-01-01 00:00:00,0.975
47,AATHISH A nan TAEER nan nan nan nan nan nan nan 1980-11-01 00:00:00,AATISH A nan TASEER nan nan nan nan nan nan nan 1980-11-27 00:00:00,0.9615384615384615
48,TEST H nan PECIMEN nan nan nan nan nan nan nan 2023-01-20 00:00:00,TEST V nan SPECIMEN nan nan nan nan nan nan nan 1920-01-01 00:00:00,0.9621023987294832
49,VOIDV nan V nan nan nan nan nan nan nan not clear,VOID V nan VOID nan nan nan nan nan nan nan not clear,0.9637347395355391
50,TESTV nan SPECIME nan nan nan nan nan nan nan 1920-01-01 00:00:00,TEST V nan SPECIMEN nan nan nan nan nan nan nan 1920-01-01 00:00:00,0.975
51,VOID nan VOIDE nan nan nan nan nan nan nan 2020-01-01 00:00:00,VOID V nan VOID nan nan nan nan nan nan nan 2020-01-01 00:00:00,0.9877295966495895
52,"CHOWY Lai LAIPING nan nan nan nan nan nan nan Monday, Jul 10, 1950",CHOW nan LAI PING nan nan nan nan nan nan nan 1950-07-10 00:00:00,0.8870425495032889
53,"TEST VW nan SPECIMEN, Test v nan nan nan nan nan nan nan 1958-08-17 00:00:00",TEST V nan SPECIMEN nan nan nan nan nan nan nan 1958-08-17 00:00:00,0.9878087384787017
54,TEST I nan test I SPECIMEN nan nan nan nan nan nan nan 2023-08-17 00:00:00,TEST V nan SPECIMEN nan nan nan nan nan nan nan 1958-08-17 00:00:00,0.9813067629253162
55,USA USA-USAASA - SASA nan nan nan nan nan nan nan not clear,USAUSAUSAASA nan SAASA nan nan nan nan nan nan nan not clear,0.9316142209946914
56,"TEST ZZ nan SPECI,MEN nan Senior nan nan nan nan nan not clear",TEST V nan SPECIMEN nan Sr nan nan nan nan nan not clear,0.9456108576893003
57,GARCIALOPEZ ROSA ROSA-MARIA nan nan nan nan nan nan nan 1956-05-23 00:00:00,GARCIA LOPEZ nan ROSA MARIA nan nan nan nan nan nan nan 1956-05-23 00:00:00,0.9697860973569715
58,"JOSEY P PRIN,CE nan nan nan nan nan nan nan 1978-03-12 00:00:00",JOSE nan PRINCE nan nan nan nan nan nan nan 1978-03-12 00:00:00,0.9624354790229063
59,TEST P S SPEC.IMEN nan nan nan nan nan nan nan 1920-01-01 00:00:00,TEST V nan SPECIMEN nan nan nan nan nan nan nan 1920-01-01 00:00:00,0.977105341549645
60,"MOHINY Y VaRMA nan nan nan nan nan nan nan Thursday, October 8, 1981",MOHINI nan VERMA nan nan nan nan nan nan nan 1981-10-08 00:00:00,0.878275310689946
61,TEST P nan SECIMEN nan nan nan nan nan nan nan 1920-01-01 00:00:00,TEST V nan SPECIMEN nan nan nan nan nan nan nan 1920-01-01 00:00:00,0.9874999999999999
62,Heidy nan S nan nan 1234 Sample St Mobile nan Mob AL 36608-5659 2023-05-05 00:00:00,"Heidi nan Sample nan nan 1234 Sample Street Mobile, AL 36608-5658 nan Mobile Alabama 36608-5658 1984-05-05 00:00:00",0.8296297792621186
63,Taos nan s nan nan 1234 Sample st Union Drove AL 35175-5107 nan UnionGrove A L  35175-510 2000-05-06 00:00:00,Tao nan Sample nan nan 1234 Sample Street Union Drove AL 35175-5107 nan Union Grove Alabama 35175-5107 2000-05-06 00:00:00,0.885878422187958
64,Alex nan sample nan nan Wonderful Dr Mongomery AL 36104 nan Montgommery Alabam 36104-  1968-03-21 00:00:00,Alexis nan Sample nan nan Wonderful Drive Mongomery AL 36104 nan Montgomery Alabama 36104 2968-03-21 00:00:00,0.875
65,Connie nan sam nan nan 1 Wonderful Driv Mongomery AL 36104- 1234 nan Montgomeryy labama 36104-- 2023-03-21 00:00:00,Connor nan Sample nan nan 1 Wonderful Drive Mongomery AL 36104- 1234 nan Montgomery Alabama 36104 2968-03-21 00:00:00,0.853658536585366
66,"Tester nan A nan nan 123 Sample st Anchorage nan ""Anchorage"" AK 89501 1988-07-11 00:00:00","Test nan Alaska nan nan 123 Sample Street Anchorage, AK 99501 nan Anchorage Alaska 99501 1988-07-11 00:00:00",0.8463889584616803
67,Tam nan L nan nan 888 Glacier Wy Coldft nan Cold feet A K 99 701 1968-10-10 00:00:00,"Tammy nan Lee nan nan 888 Glacier Way Coldfeet, AK 99701 nan Coldfeet Alaska 99701 1968-10-10 00:00:00",0.7638558656420618
68,"TestAB nan Alaska, Jr nan Jr. 123 Sample st Anchorage nan Ankhorage Alask 99501 2023-07-05 00:00:00","Test nan Alaska nan Jr 123 Sample Street Anchorage, AK 99501 nan Anchorage Alaska 99501 2005-07-11 00:00:00",0.79639080275258
69,"Sample, Tina M M Sample nan nan 123 Anyst Anchorage nan Anchorag Alaskaa 99990 1984-02-01 00:00:00","Tina M Sample nan nan 123 Anystreet Anchorage, AK 99999 nan Anchorage Alaska 99999 1984-02-01 00:00:00",0.8067793113007157
70,Comm TestS Sample Test S nan nan 12345 Sample st UNALASKA nan Unalaska Aaska 99755 1985-06-03 00:00:00,"Commercial Test Sample nan nan 12345 Sample Street UNALASKA, AK 99655 nan Unalaska Alaska 99655 1985-06-03 00:00:00",0.8273287946596168
71,Sammy Jan Sample Sammy nan nan 1801 W Jeff St Phx Az 85007-3230 nan Phx AZ 8507-3230 1963-05-01 00:00:00,Samantha Jane Sample nan nan 1801 W Jefferson St Phoenix Az 85007-3230 nan Phoenix Arizona 85007-3230 1963-05-01 00:00:00,0.7534105749568177
72,J nan SampleJ nan nan 123 Main St Phonix nan Phoeni A Z 85097 1974-01-01 00:00:00,"Jelani nan Sample nan nan 123 Main St Phoenix, AZ 85007 nan Phoenix Arizona 85007 1974-01-01 00:00:00",0.8087360843031887
73,"Drive nan Drive, Sample nan nan 1234 Ex Street PHX nan Phoneix Arizon 85006 Friday, February 14, 2003","Driver nan Sample nan nan 1234 Example St Phoenix, AZ 85007 nan Phoenix Arizona 85007 2003-02-14 00:00:00",0.539163866017192
74,Freddie Eddie K Freddie nan nan 5721 Stoney Driv Bullhead City AZ 86430 nan Bull head City Arizonaa 86430- 1910-08-08 00:00:00,Fred Edward Kratz nan nan 5721 Stoney Dr Bullhead City AZ 86430 nan Bullhead City Arizona 86430 1910-08-08 00:00:00,0.827640881769065
75,D nan D S nan nan 1234 Example St Phx nan PX rizona 85007-124 2023-02-14 00:00:00,"Driver nan Sample nan nan 1234 Example St Phoenix, AZ 85007 nan Phoenix Arizona 85007 1974-02-14 00:00:00",0.8133257084405583
76,Jan nan   Sample nan nan #123 Main Street Phoenix nan Phx. Ariona 85007-1245 1998-01-01 00:00:00,"Janice nan Sample nan nan 123 Main St Phoenix, AZ 85007 nan Phoenix Arizona 85007 1998-01-01 00:00:00",0.8720983634634085
77,Nicky nan Sam ple nan nan 123 N st City nan Cty AK 12345-999 1960-03-05 00:00:00,"Nick nan Sample nan nan 123 North Street City, AR 12345  nan City Arkansas 12345 1960-03-05 00:00:00",0.8163716483922342
78,Old nan Fake nan nan 23 Marshall Street Ward nan Warden Arknsas 72716-788 2023-05-05 00:00:00,"Oldironsides nan Fakes nan nan 23 Marshall St Ward, AR 72176 nan Ward Arkansas 72716 2000-05-05 00:00:00",0.8198127976897006
79,"A Pattie Cordovs nan nan Mission Viejo NW, CA 92691 nan Los Angeles CA 9269 2023-05-06 00:00:00","Ana Patricia Cordova nan nan Mission Viejo CA 92691 nan nan California 92691 ""05/06""",0.636929755298482
80,I nan Card-\holder nan nan 2570 24th st Anytown nan Anytown C A 958 1977-08-31 00:00:00,"Ima nan Cardholder nan nan 2570 24th Street Anytown, CA 95818 nan Anytown California 95818 1977-08-31 00:00:00",0.8411101831919989
81,Ann nan CarrDriver nan nan 1234 Main st Sacramento nan Sacramentoe Californiaa 95819 1992-10-01 00:00:00,"Annie nan Carr Driver nan nan 1234 Main Street Sacramento, CA 95818 nan Sacramento California 95818 1992-10-31 00:00:00",0.7683064754997452
82,Alexa Jos Sam pe nan nan 2570 24th st Anytown nan Any town Californi 95818! 1977-08-01 00:00:00,"Alexander Joseph Sample nan nan 2570 24th Street Anytown, CA 95818 nan Anytown California 95818 1977-08-31 00:00:00",0.7440729491417852
83,Ims nan Card/holder nan nan 2570 24th st Anytown E nan Any_town alifornia 95818_ 1977-08-31 00:00:00,"Ima nan Cardholder nan nan 2570 24th Street Anytown, CA 95818 nan Anytown California 95818 1977-08-31 00:00:00",0.7916331135924696
84,Alex Jose Sampler nan nan 2570 24th st. Anytown nan Anytowns Califrnia 95818_0 1977-08-31 00:00:00,"Alexander Joseph Sample nan nan 2570 24th Street Anytown, CA 95818 nan Anytown California 95818 1977-08-31 00:00:00",0.7381732441968657
85,"Johnny DL Samplr nan nan 1881, Pierce Street lakewood nan Lakewoods CO 80214"" 1976-06-08 00:00:00","John DriverLicense Sample nan nan 1881 Pierce St lakewood, CO 80214 nan Lakewood Colorado 80214 1976-06-08 00:00:00",0.8267540335004896
86,"Drivers License Samle nan nan 1881 Pierce Street lakewood NW nan Lake wood C O ""80214 Monday, January 28, 1974","Driver License Sample nan nan 1881 Pierce St lakewood, CO 80214 nan Lakewood Colorado 80214 1974-01-28 00:00:00",0.6040404496926219
87,"Sue Cayhy ample nan nan 60 State Str. nan Weethersfield CT ""06109 1978-07-30 00:00:00","Susan Catherine Sample nan nan 60 State St, Room 147 Wethersfield CT 06109 nan Wethersfield Connecticut ""06109"" 1978-07-30 00:00:00",0.7601169500660918
88, Brend a T Sample Dample nan nan 123 Main Street Hartford nan Hartsford C T 06114-123 1967-01-12 00:00:00," Brenda  T Sample nan nan 123 Main St Hartford, CT 06114-1234 nan Hartford Connecticut 06114-1234 1967-01-12 00:00:00",0.7981987297166114
89,Jan nan JanSample nan nan 2230 Hessler Blvd New Castle nan NewCastle DE 19720-0009 1970-04-20 00:00:00,"Janice nan Sample nan nan 2230 Hessler Boulevard New Castle, DE 19720-0000 nan New Castle Delaware 19720-0000 1970-04-30 00:00:00",0.8072073527955749
90,Matt nan SampleMatt nan nan 2230 Hessler Boul New Castle nan NwCastel D E 19720-9000 0/30/2000,"Mateo nan Sample nan nan 2230 Hessler Boulevard New Castle, DE 19720-0000 nan nan Delaware 19720-0000 2000-10-30 00:00:00",0.7200822998230955
91,Haylee nan SampleHaylee nan nan 2230 Hessler Boulv New Castle nan NewCas Delawaree 19720-000 2023-10-30 00:00:00,"Hayley  nan Sample nan nan 2230 Hessler Boulevard New Castle, DE 19720-0000 nan nan Delaware 19720-0000 2000-10-30 00:00:00",0.8062552222347567
92,France nan FranceSample nan nan 2230 Hessler Boulvard New Castle nan New Castle Delawar 19720-00 1970-04-30 00:00:00,"Francessca nan Sample nan nan 2230 Hessler Boulevard New Castle, DE 19720-0000 nan New Castle Delaware 19720-0000 1970-04-30 00:00:00",0.8515268869599399
93,Arni nan TaylorArni nan nan 2334 Ribault Scenic Drv Jacksonville nan Jacksonville FL= 3228 nan,"Arnitra nan Taylor nan nan 2334 Ribault Scenic Dr Jacksonville, FL 32208 nan Jacksonville Florida 32208 nan",0.8472686738391098
94,Nickie nan NickieSample nan nan 123 Main st. Tallahassee nan Tallahassee F L 0000-1234 1957-01-12 00:00:00,"Nick nan Sample nan nan 123 Main Street Tallahassee, FL 00000-1234 nan Tallahassee Florida 00000-1234 1957-01-12 00:00:00",0.840855304560693
95,Floridaa Sample DriverFloridaa nan nan 2900 Apalachee Parkway Tallahassee nan Tallahassee FL 32390 2003-08-06 00:00:00,"Florida Sample Driver nan nan 2900 Apalachee PKWY Tallahassee, FL 32399 nan Tallahassee Florida 32399 2003-08-06 00:00:00",0.8083672763401878
96,Ron Rol and Ron Rol andDay nan nan 1132 Barber Drive Daytona beach nan Daytona Beach Floridaa 3201 1988-07-27 00:00:00,"Ronald Roland Day nan nan 1132 Barber Dr Daytona beach, FL 32017 nan Daytona Beach Florida 32017 1988-07-27 00:00:00",0.7298664944894172
97,Ro ugene ugene MarisRo nan nan 6405 SouthW 36 Wy Gainesvile nan Gainesville Florid 3261 1934-10-09 00:00:00,"Roger Eugene Maris nan nan 6405 SW 36 Way Gainesvile, FL 32601 nan Gainesville Florida 32601 1934-09-10 00:00:00",0.7042952122737639
98,Flo Sampl Driver SamplFlo nan nan 2900 Apalachee Park way Tallahassee nan Tallahassee Florda 32399 12 1983-10-10 00:00:00,"Florida Sample Driver nan nan 2900 Apalachee PKWY Tallahassee, FL 32399 nan Tallahassee Florida 32399 1983-10-10 00:00:00",0.810711347101024
99,S ImaD ImaD SGeorgia nan nan 2206 East view Pkway Conyers nan Alphareta GA 30013-575 1984-06-01 00:00:00,"Sample Ima Georgia nan nan 2206 Eastview Parkway Conyers, GA 30013-5755 Rockdale nan nan Georgia 30013-5755 1984-06-01 00:00:00",0.7075275528876867
100,Imq Georgie Sampler ImqGeorgie nan nan 123 AnyStreet Anytown nan Any town G A 12345 748 1983-02-09 00:00:00,"Ima  Georgia Sampler nan nan 123 Any Street Anytown, GA 12345 nan Anytown Georgia 12345 1983-02-09 00:00:00",0.792593923901217
101,Sample Ima Georgia Ima Sample Sample Ima Georgia Georgia nan nan 2206 E view Parkwy Conyers nan Buck head Georgiaa 30013-5744 1984-06-01 00:00:00,"Sample Ima Georgia nan nan 2206 Eastview Parkway Conyers, GA 30013-5755 Rockdale nan nan Georgia 30013-5755 1984-06-01 00:00:00",0.7647191129018727
102,Georgia ImaSampler G Sampler Georgia ImaSampler nan nan 123 NE AnyStreet Anytown nan Anytownn Georgi 39999:23 2022-02-22 00:00:00,"Ima  Georgia Sampler nan nan 123 Any Street Anytown, GA 39999 Anycounty nan Anytown Georgia 39999 2022-02-22 00:00:00",0.7951332228659945
103,Dougie nan Dougie Kalembo nan nan 6792 Pine valley TRCE Ston MTN nan Stone Mtn Georgie 30087-581 1970-07-24 00:00:00,"Douglas nan Kalembo nan nan 6792 Pine valley TRCE Stone MTN, GA 30087-5818 nan Stone Mtn Georgia 30087-5818 1970-07-24 00:00:00",0.8383073406122691
104,Ima G S Georgi GeorgiSample Ima G S nan nan 123 Any Street Any town SW nan Annytown Jeorgia 39999-15 1954-02-22 00:00:00,"Ima  Georgia Sample nan nan 123 Any Street Anytown, GA 12345 nan Anytown Georgia 39999 1954-02-22 00:00:00",0.7370973770897189
105,"Leia A Leia SampleA Leia Leia nan nan 123 Any Street Anytown, Apt 23 nan Anytown,  HI ""00000"" 1979-01-01 00:00:00","Leilani A Sample nan nan 123 Any Street Anytown, HI., 00000 nan Anytown Hawaii ""00000 1979-01-01 00:00:00",0.7496129032000202
106,"Beckyy Sue Becky Sue BeckyBeckyy Turner nan nan #7101/A El aballa Boise nan Boisee ID 83704"""" 1969-07-18 00:00:00","Becky Sue Turner nan nan 7101 El Caballa Boise, ID 83704 nan Boise Idaho 83704 1969-07-18 00:00:00",0.8767945989619056
107,Tom nan ArmstrongTom  nan nan 123 W. State st. Boise nan Bose I D 83707 1980-10-01 00:00:00,"Thomas nan Armstrong nan nan 123 W. State Street Boise, ID 83707 nan Boise Idaho 83707 1980-10-01 00:00:00",0.8641585652180932
108,"Conor nan Conor  Sample nan nan 2727 Pierce Park Rd Apt# 11 Boise nan Boise, Idaho Idah 83707-  1129 1993-08-01 00:00:00","Connor nan Sample nan nan 2727 Pierce Park Road Apt: 11 Boise, ID 83707-1129 nan Boise Idaho 83707-1129 1993-08-01 00:00:00",0.8870222717825625
109,"Jel nan  Sample Jel nan nan Address Line 1, Addr Lne 2 Boise nan Boise,ID Ideho 83707--0000 1980-01-05 00:00:00","Jelani nan Sample nan nan Address Line 1 Address Line 2 Boise, ID 83707-0000 nan Boise Idaho 83707-0000 1980-01-05 00:00:00",0.8682431421244593
110,Jan Q Pub Public Q Pub Jan nan nan 1234 Main st. Springfield nan Spring field I L 62723-0 1987-11-14 00:00:00,"Jane Q Public nan nan 1234 Main Street Springfield, IL 62723 nan Springfield Illinois 62723 1987-11-14 00:00:00",0.7671952740916673
111,T Thunder ID Thunder ID T IDVIKING.com nan nan 69 Big Hammer Wy N Barrington. IL 60010 nan Barringtone IL 60010-87 2003-10-17 00:00:00,Thor Thunder IDVIKING.com nan nan 69 Big Hammer Way North Barrington. IL 60010 nan nan Illinois 60010 2003-10-17 00:00:00,0.8446530265013354
112,Sam CardD DL Sam CardD nan nan 123 Sample st. Anytown nan Any/town Illinoise 60640--65 1960-01-01 00:00:00,"Sample  Card DL nan nan 123 Sample Street Anytown, IL 60640 nan Anytown Illinois 60640 1960-01-01 00:00:00",0.7560975609756098
113,"Jaen Q Jaen Jaen,Q JaenPublic nan nan 1234 Main st. Springfield nan Springfld Illinoi 6272 1987-11-14 00:00:00","Jane Q Public nan nan 1234 Main Street Springfield, IL 62723 nan Springfield Illinois 62723 1987-11-14 00:00:00",0.6759225880448441
114,"Marc M Allen M Allen,SampleMarc nan nan 123 Main Strt Indianapolis nan Indiannapolis, IN IN 44624 1970-11-17 00:00:00","Mark Allen Sample nan nan 123 Main Street Indianapolis, IN 46204-0000 nan Indiannapolis Indiana 46204 1970-11-17 00:00:00",0.794595105309227
115,"Em nan Sample,Em nan nan 123 Main Strt Indianapolis nan Indiannapoliss I N 546204 2005-10-31 00:00:00","Emily nan Sample nan nan 123 Main Street Indianapolis, IN 46204-0000 nan nan Indiana 46204 2005-10-31 00:00:00",0.8152394645841089
116,"Ave nan ,AveSample nan nan 123 Sample Drv Apartment. B Indianapolis nan Indiannapolice India 889987 1976-05-01 00:00:00","Avery nan Sample nan nan 123 Sample Drive Apt. B Indianapolis, IN 89987 nan nan Indiana 89987 1976-05-01 00:00:00",0.8098582871985257
117,"H nan Sample,H nan nan 123 NW Main St. Apt. 1 Des Moines nan DeMoines IA 550301-0000 1992-06-06 00:00:00","Hayley nan Sample nan nan 123 North Main St. Apt. 1 Des Moines, IA 50301-0000 nan Des Moines Iowa 50301-0000 1992-06-06 00:00:00",0.8738628975053031
118,"C nan C,Sample nan nan 123 NE Main St. Apt. 1 Des Moines nan DesMoine IO 650301-0000 1942-06-06 00:00:00","Connor nan Sample nan nan 123 North Main St. Apt. 1 Des Moines, IA 50301-0000 nan Des Moines Iowa 50301-0000 1942-06-06 00:00:00",0.853056638040891
119,"Karen KarenElizabeth Sample,Karen nan S R  123 Nort Strt Apt. 2 Topeka nan Topekaa KS 6612-1234 1966-01-11 00:00:00","Caron  Elizabeth Sample nan Sr 123 North Street Apt. 2 Topeka, KS 66612-1234 nan Topeka Kansas 66612-1234 1966-01-11 00:00:00",0.699259856097678
120,"Nicolas nan Nicolas,Sample nan nan 123 NE Strt Apt. 2 Topeka nan Topeca K S 6662-1234 1998-11-15 00:00:00","Nick nan Sample nan nan 123 North Street Apt. 2 Topeka, KS 66612-1234 nan Topeka Kansas 66612-1234 1998-11-15 00:00:00",0.7889609303340034
121,"Karin Lizzie LizzieSample,Karin nan S R  123 N Strt Apt# 2 Topeka nan Top eka Kansass 6661-1234 1966-01-11 00:00:00","Caron  Elizabeth Sample nan Sr 123 North Street Apt. 2 Topeka, KS 66612-1234 nan Topeka Kansas 66612-1234 1966-01-11 00:00:00",0.6409882014228716
122,"T On SampleOn,T nan nan RR #2 Holton Pl nan Holtone Kansa 664366 1962-04-23 00:00:00","Test One Sample nan nan RR 2 Holton, KS 66436 nan Holton Kansas 66436 1962-04-23 00:00:00",0.7533177846892134
123,"Caroll AnnCaroll AnnCarollCaroll,Sample nan nan 100 Main Strt Apt. 1 Frankfort nan Frankfurt KY 406011234 1977-04-01 00:00:00","Carol Ann Sample nan nan 100 Main Street Apt. 1 Frankfort, KY 40601-1234 Breckiridge County nan Frankfort Kentucky 40601-1234 1977-04-01 00:00:00",0.7348094335140691
124,"Kimberly nan SampleKimberly, nan nan 123 Confident AVENUE Frankfort nan Frankforte K Y 4062 1980-07-15 00:00:00","Kim nan Sample nan nan 123 Confident AVE Frankfort, KY 40622 nan Frankfort Kentucky 40622 1980-07-15 00:00:00",0.8133257084405583
125,"Zac nan Zac,,Sample nan nan 123 Sample Strt Apt. 2 Frankfort nan Frank fort Kentuky 40622' 2003-01-01 00:00:00","Zachary nan Sample nan nan 123 Sample Street Apt. 2 Frankfort, KY 40622 nan Frankfort Kentucky 40622 2003-01-01 00:00:00",0.8512565307587486
126,"Johnny nan ,Sample,Johnny nan nan 123 Sample Strt Apt. 2 Frankfurt nan Frankfort- Kantucky 40622"" 1980-07-15 00:00:00","John nan Sample nan nan 123 Sample Street Apt. 2 Frankfort, KY 40622 nan Frankfort Kentucky 40622 1980-07-15 00:00:00",0.854418125785247
127,"Nicol nan Sample,,Nicol nan nan 100 Main Strt Apt. 1 Frankfort nan FF Kentuckyy ""40601-0000"" 1977-04-01 00:00:00","Nick nan Sample nan nan 100 Main Street Apt. 1 Frankfort, KY 40601-0000 Breckinridge County nan nan Kentucky 40601-0000 1977-04-01 00:00:00",0.8454057513133806
128,"Janic Liz Liz,Janic,Sample nan nan 434 Sample Strt Apt. 2 Frankfort nan Frankf Kentuck 40622_ 2003-01-01 00:00:00","Janice Elizabeth Sample nan nan 434 Sample Street Apt. 2 Frankfort, KY 40622 nan nan Kentucky 40622 2003-01-01 00:00:00",0.7507759960689285
129,"Jelan nan Sample,Jelan, nan nan 123 N Main Strt Apt. 1 Baton Rouge nan BatonRougue LA 70806-_0000 1973-10-10 00:00:00","Jelani nan Sample nan nan 123 North Main Street Apt. 1 Baton Rouge, LA 70806-1234 nan Baton Rougue Louisiana 70806-0000 1973-10-10 00:00:00",0.834965721446866
130,"ThorO IDVIKING ThorO, IDVIKINGOdinson nan nan 520 Nursery Avenida Metaire nan Meltaire L A 76005987 1999-02-19 00:00:00","Thor IDVIKING.com Odinson nan nan 520 Nursery Avenue Metaire, LA 76005-0000 nan Metaire Louisiana 76005 1999-02-19 00:00:00",0.7247430753394787
131,"Jeff J P J P, ParsonsJeff nan nan RR 2 Box 20 LT 4 Nor way nan Norways M E 04268' nan","Jeffrey  J Parsons nan nan RR 2 Box 20 LT 4 Norway, ME 04268 nan Norway Maine 04268 nan",0.76271276980969
132,"NickS nan Sample, NickS nan nan 123 State Strt Apt 1 Augusta nan Augustan ME 04330 1234 1967-01-12 00:00:00","Nick nan Sample nan nan 123 State Street Apt 1 Augusta, ME 04330-1234 nan Augusta Maine 04330-1234 1967-01-12 00:00:00",0.8685990362153794
133,"LoriVoorna Avoornas Avoornas, LoriVoornaVoornas nan nan 18 North Street #2, Portland nan Port-land Main 04101"" 1965-09-12 00:00:00","Lori A Voornas nan nan 18 North St #2 Portland, ME 04101 nan Portland Maine 04101 1965-09-12 00:00:00",0.760638829255665
134,"SampleNick nan Sample, SampleNick nan nan 1 Tenth Strt Apt 1 Augusta nan August Mainne 04330- 1967-01-12 00:00:00","Nick nan Sample nan nan 1 Tenth Street Apt 1 Augusta, ME 04330-1234 nan Augusta Maine 04330 1967-01-12 00:00:00",0.8342797655898935
135,"Juls J W Summers Juls, Summers nan nan 6969 Summerside Boul Portland nan Agusta Mainee 04101_ 1981-01-17 00:00:00","Julie W Summers nan nan 6969 Summerside Blvd Portland, ME 04101 nan nan Maine 04101 1981-01-17 00:00:00",0.7642171012073583
136,"Connor, S S, Connor Sample, Connor, S nan Jr, 123 N Main Strt Apt. 1 Augusta nan Augusta, Maine Maiine 04330_ nan","Connor S Sample nan Jr 123 North Main Street Apt. 1 Augusta, ME 04330-1234 nan Augusta Maine 04330 nan",0.7467286566323437
137,"Jane, Diane Di Jane, DianeDi, Sample nan nan 123 Any Strt Burnie MD 21062 nan Burni MD 21062-98 1985-07-07 00:00:00",Jane Diane Sample nan nan 123 Any Street Burnie MD 21062 nan Burnie Maryland 21062 1985-07-07 00:00:00,0.8832083446486337
138,"Jason, Sample Thomas Thom ThomSample, Jason, Sample Thomas nan nan 123 Any Strt Burnie MD 21062 nan GlenBurnie Md. 21062-36 1992-02-18 00:00:00",Jason Thomas Sample nan nan 123 Any Street Burnie MD 21062 nan Glen Burnie Maryland 21062 1992-02-18 00:00:00,0.8574560831197447
139,"DianeJane Dian SampleDian, DianeJane nan nan 123 Any Strt Glen Burnie MD 21062 nan Glenn Burnie M D 21062-7876 1985-07-07 00:00:00",Jane Diane Sample nan nan 123 Any Street Glen Burnie MD 21062 nan Glen Burnie Maryland 21062 1985-07-07 00:00:00,0.8276408817690651
140,"Firstt Middl MiddleFirst, Last Name nan nan 1 Copley Place Boston MA 02116-6592 nan Bos. Massachusetts 02116_6592 1955-01-22 00:00:00",First Middle Last Name nan nan 1 Copley PL Boston MA 02116-6592 nan Boston Massachusetts 02116-6592 1955-01-22 00:00:00,0.8447418837575276
141,"Con nor nan SampleCon nor,  nan nan 123 N Mn Strt Apt. 1 N Quincy nan NorthQuincy Mass. ""02171-1748"" 1959-01-12 00:00:00","Connor nan Sample nan nan 123 North Main Street Apt. 1 North Quincy, MA 02171-1748 nan North Quincy Massachusetts 02171-1748 1959-01-12 00:00:00",0.7271614469220993
142,"Avvery  nan Avvery , , Sample nan nan 123 NE Main Strt Apt. 1 N Quincy nan NQuincy MA 02171-1748' 1997-01-12 00:00:00","Avery  nan Sample nan nan 123 North Main Street Apt. 1 North Quincy, MA 02171-1748 nan nan Massachusetts 02171-1748 1997-01-12 00:00:00",0.8410098180364368
143,"Con nor nan , Sample, Con nor nan nan 123 NW Main Strt Apt. 1 N Quincy nan N Quincy M A 2171-1748 1959-01-12 00:00:00","Connor nan Sample nan nan 123 North Main Street Apt. 1 North Quincy, MA 02171-1748 nan North Quincy Massachusetts 02171-1748 1959-01-12 00:00:00",0.7264831572567789
144,"Haylley nan Sample, , Haylley nan nan 123 NorthEast Main Str Apt. 1 N Quincy nan Quincee Masssachusetts 02171-174 2000-01-12 00:00:00","Hayley nan Sample nan nan 123 North Main Street Apt. 1 North Quincy, MA 02171-1748 nan nan Massachusetts 02171-1748 2000-01-12 00:00:00",0.7809376881766913
145,"Janicee  nan , Janicee , Sample nan nan 123 N Main Str Apt. 1 N Quincy SW nan Quince Massachusets 0216-1748 1993-01-12 00:00:00","Janice  nan Sample nan nan 123 North Main Street Apt. 1 North Quincy, MA 02169-1748 nan nan Massachusetts 02169-1748 1993-01-12 00:00:00",0.7809376881766913
146,"Drew  Joe Markel, Drew , Joe nan nan York Driv Troy nan Troyy MI 0216-17489 nan","Andrew  Joseph Markel nan nan York Dr Troy, MI nan Troy Michigan nan nan",0.7365695637359869
147,"Jun Maria Jun ,MariaSample nan nan 123 Nor State St. Lansing nan Lansingg M I 48918-000 1984-05-01 00:00:00","June Marie Sample nan nan 123 North State St. Lansing, MI 48918-0000 nan Lansing Michigan 48918-0000 1984-05-01 00:00:00",0.7302967433402214
148,"Ann Carrie Carrie ,DriverAnn nan nan 123 Some place Any town nan Any town Mich. 48918-0009 1987-10-15 00:00:00","Anne Carr Driver nan nan 123 Someplace Anytown, MI 48918-0000 nan Anytown Michigan 48918-0000 1987-10-15 00:00:00",0.5926377579897537
149,"JuneM Mary Sample ,MaryJuneM nan nan 123 N State St. Lansing nan Lanssing Michigen 48918-009 1984-05-01 00:00:00","June Marie Sample nan nan 123 North State St. Lansing, MI 48918-0000 nan Lansing Michigan 48918-0000 1984-05-01 00:00:00",0.7789621985578677
150,"S.Mateo nan  ,S.MateoSample nan nan 123 NN State St. Lansing nan Lanssing Michigann 48918-9999 1996-08-10 00:00:00","Mateo nan Sample nan nan 123 North State St. Lansing, MI 48918-0000 nan nan Michigan 48918-0000 1996-08-10 00:00:00",0.8498365855987975
151,"JDP Do Public ,JDPDo nan nan 123 SomeplaceAnytown nan Lan sing Micchigan 48918- 1948-09-12 00:00:00","John Doe Public nan nan 123 Someplace Anytown, MI 48918-0000 nan nan Michigan 48918-0000 1948-09-12 00:00:00",0.7581425055034353
152,"Av nan Av ,Sample nan nan 123/3 North State St. Lansing nan Lansing MI  Mmichigan 48918-- 2018-09-01 00:00:00","Avery nan Sample nan nan 123 North State St. Lansing, MI 48918-0000 nan nan Michigan 48918-0000 2018-09-01 00:00:00",0.8616404368553292
153,"Gayly Eliza Sample ,Gayly nan nan 123 Main Str NW Minneapolis nan Minneapolis, MN MN 12345-0009 1958-05-22 00:00:00","Gayle Elizabeth Sample nan nan 123 Main Street Northwest Minneapolis, MN 12345-0000 nan Minneapolis Minnesota 12345-0000 1958-05-22 00:00:00",0.7711403083390078
154,"Junee MarieSamp;e JuneeMarieSamp;e ,Sample nan nan 123 Bloomington Avenu Minneapolis nan Minneappolis M N 55417-12345 2001-08-20 00:00:00","Jun Marie Sample nan nan 123 Bloomington Ave Minneapolis, MN 55417-1234 nan nan Minnesota 55417-1234 2001-08-20 00:00:00",0.7905694150420949
155,"A JosephA JosephASample ,A nan nan 456 Bloomington Avn Minneapolis nan Minneapolis Minn. 55417-123 1957-08-15 00:00:00","Avery Joseph Sample nan nan 456 Bloomington Ave Minneapolis, MN 55417-1234 nan Minneapolis Minnesota 55417-1234 1957-08-15 00:00:00",0.7884045093492034
156,"Jo GeorgeJO IngramGeorgeJO ,Jo nan nan 123 Main Str Small Town nan Sm Town MS 39999-98765 1948-12-31 00:00:00","Joseph George Ingram nan nan 123 Main Street Small Town, MS  39999 nan Small Town Mississippi 39999 1948-12-31 00:00:00",0.8002501172485684
157,"ConnorM Msample MsampleConnorM ,Sample nan Jr , 123 Main StrJackson nan Jacksonn M S 39216=1234 1967-01-12 00:00:00","Connor M Sample nan Jr 123 Main Street Jackson, MS  39216-1234 nan Jackson Mississippi 39216-1234 1967-01-12 00:00:00",0.7698003589195009
158,"Jani nan SampleJani , nan nan 123 Main Str, Jackson nan Jack sonn Miss. 39216==1234 1999-01-12 00:00:00","Janice nan Sample nan nan 123 Main Street Jackson, MS  39216-1234 nan nan Mississippi 39216-1234 1999-01-12 00:00:00",0.8578164469184382
159,"Marc, nan Marc, , ,Sample nan nan 123 Mn Str Jackson nan Jack son Misssissippi 39205 1992-01-12 00:00:00","Mark,  nan Sample nan nan 123 Main Street Jackson, MS  39216-1234 nan nan Mississippi 39204 1992-01-12 00:00:00",0.7889609303340034
